driverId,DriverConsistency,constructorId,circuitId,TeamStrength,TrackComplexity
1,0.09,1,1,0.27,0.68
1,0.09,1,2,0.27,0.7
1,0.09,1,3,0.27,0.7
1,0.09,1,4,0.27,0.67
1,0.09,1,5,0.27,0.7
1,0.09,1,6,0.27,0.44
1,0.09,1,7,0.27,0.55
1,0.09,1,8,0.27,0.64
1,0.09,1,9,0.27,0.59
1,0.09,1,10,0.27,0.53
1,0.09,1,11,0.27,0.61
1,0.09,1,12,0.27,0.68
1,0.09,1,13,0.27,0.64
1,0.09,1,14,0.27,0.54
1,0.09,1,15,0.27,0.69
1,0.09,1,16,0.27,0.76
1,0.09,1,17,0.27,0.7
1,0.09,1,18,0.27,0.73
1,0.09,1,19,0.27,0.73
1,0.09,1,20,0.27,0.7
1,0.09,1,22,0.27,0.6
1,0.09,1,24,0.27,0.7
1,0.09,1,35,0.27,0.7
1,0.09,1,68,0.27,0.73
1,0.09,1,69,0.27,0.69
1,0.09,1,70,0.27,0.7
1,0.09,1,71,0.27,0.69
1,0.09,1,32,0.27,0.8
1,0.09,1,73,0.27,0.63
1,0.09,1,34,0.27,0.55
1,0.09,1,76,0.27,0.74
1,0.09,1,75,0.27,0.72
1,0.09,1,21,0.27,0.51
1,0.09,1,39,0.27,0.54
1,0.09,1,78,0.27,0.68
1,0.09,1,77,0.27,0.68
1,0.09,1,79,0.27,0.67
1,0.09,1,80,0.27,0.75
1,0.09,131,1,0.99,0.68
1,0.09,131,2,0.99,0.7
1,0.09,131,3,0.99,0.7
1,0.09,131,4,0.99,0.67
1,0.09,131,5,0.99,0.7
1,0.09,131,6,0.99,0.44
1,0.09,131,7,0.99,0.55
1,0.09,131,8,0.99,0.64
1,0.09,131,9,0.99,0.59
1,0.09,131,10,0.99,0.53
1,0.09,131,11,0.99,0.61
1,0.09,131,12,0.99,0.68
1,0.09,131,13,0.99,0.64
1,0.09,131,14,0.99,0.54
1,0.09,131,15,0.99,0.69
1,0.09,131,16,0.99,0.76
1,0.09,131,17,0.99,0.7
1,0.09,131,18,0.99,0.73
1,0.09,131,19,0.99,0.73
1,0.09,131,20,0.99,0.7
1,0.09,131,22,0.99,0.6
1,0.09,131,24,0.99,0.7
1,0.09,131,35,0.99,0.7
1,0.09,131,68,0.99,0.73
1,0.09,131,69,0.99,0.69
1,0.09,131,70,0.99,0.7
1,0.09,131,71,0.99,0.69
1,0.09,131,32,0.99,0.8
1,0.09,131,73,0.99,0.63
1,0.09,131,34,0.99,0.55
1,0.09,131,76,0.99,0.74
1,0.09,131,75,0.99,0.72
1,0.09,131,21,0.99,0.51
1,0.09,131,39,0.99,0.54
1,0.09,131,78,0.99,0.68
1,0.09,131,77,0.99,0.68
1,0.09,131,79,0.99,0.67
1,0.09,131,80,0.99,0.75
2,0.28,2,1,0.16,0.68
2,0.28,2,2,0.16,0.7
2,0.28,2,3,0.16,0.7
2,0.28,2,4,0.16,0.67
2,0.28,2,5,0.16,0.7
2,0.28,2,6,0.16,0.44
2,0.28,2,7,0.16,0.55
2,0.28,2,8,0.16,0.64
2,0.28,2,9,0.16,0.59
2,0.28,2,10,0.16,0.53
2,0.28,2,11,0.16,0.61
2,0.28,2,12,0.16,0.68
2,0.28,2,13,0.16,0.64
2,0.28,2,14,0.16,0.54
2,0.28,2,15,0.16,0.69
2,0.28,2,16,0.16,0.76
2,0.28,2,17,0.16,0.7
2,0.28,2,18,0.16,0.73
2,0.28,2,19,0.16,0.73
2,0.28,2,20,0.16,0.7
2,0.28,2,21,0.16,0.51
2,0.28,2,22,0.16,0.6
2,0.28,2,70,0.16,0.7
2,0.28,2,24,0.16,0.7
2,0.28,2,35,0.16,0.7
2,0.28,3,1,0.14,0.68
2,0.28,3,2,0.14,0.7
2,0.28,3,3,0.14,0.7
2,0.28,3,4,0.14,0.67
2,0.28,3,5,0.14,0.7
2,0.28,3,6,0.14,0.44
2,0.28,3,7,0.14,0.55
2,0.28,3,8,0.14,0.64
2,0.28,3,9,0.14,0.59
2,0.28,3,10,0.14,0.53
2,0.28,3,11,0.14,0.61
2,0.28,3,12,0.14,0.68
2,0.28,3,13,0.14,0.64
2,0.28,3,14,0.14,0.54
2,0.28,3,15,0.14,0.69
2,0.28,3,16,0.14,0.76
2,0.28,3,17,0.14,0.7
2,0.28,3,18,0.14,0.73
2,0.28,3,19,0.14,0.73
2,0.28,3,20,0.14,0.7
2,0.28,3,21,0.14,0.51
2,0.28,3,22,0.14,0.6
2,0.28,3,70,0.14,0.7
2,0.28,3,24,0.14,0.7
2,0.28,3,35,0.14,0.7
2,0.28,17,1,0.04,0.68
2,0.28,17,2,0.04,0.7
2,0.28,17,3,0.04,0.7
2,0.28,17,4,0.04,0.67
2,0.28,17,5,0.04,0.7
2,0.28,17,6,0.04,0.44
2,0.28,17,7,0.04,0.55
2,0.28,17,8,0.04,0.64
2,0.28,17,9,0.04,0.59
2,0.28,17,10,0.04,0.53
2,0.28,17,11,0.04,0.61
2,0.28,17,12,0.04,0.68
2,0.28,17,13,0.04,0.64
2,0.28,17,14,0.04,0.54
2,0.28,17,15,0.04,0.69
2,0.28,17,16,0.04,0.76
2,0.28,17,17,0.04,0.7
2,0.28,17,18,0.04,0.73
2,0.28,17,19,0.04,0.73
2,0.28,17,20,0.04,0.7
2,0.28,17,21,0.04,0.51
2,0.28,17,22,0.04,0.6
2,0.28,17,70,0.04,0.7
2,0.28,17,24,0.04,0.7
2,0.28,17,35,0.04,0.7
2,0.28,15,1,0.05,0.68
2,0.28,15,2,0.05,0.7
2,0.28,15,3,0.05,0.7
2,0.28,15,4,0.05,0.67
2,0.28,15,5,0.05,0.7
2,0.28,15,6,0.05,0.44
2,0.28,15,7,0.05,0.55
2,0.28,15,8,0.05,0.64
2,0.28,15,9,0.05,0.59
2,0.28,15,10,0.05,0.53
2,0.28,15,11,0.05,0.61
2,0.28,15,12,0.05,0.68
2,0.28,15,13,0.05,0.64
2,0.28,15,14,0.05,0.54
2,0.28,15,15,0.05,0.69
2,0.28,15,16,0.05,0.76
2,0.28,15,17,0.05,0.7
2,0.28,15,18,0.05,0.73
2,0.28,15,19,0.05,0.73
2,0.28,15,20,0.05,0.7
2,0.28,15,21,0.05,0.51
2,0.28,15,22,0.05,0.6
2,0.28,15,70,0.05,0.7
2,0.28,15,24,0.05,0.7
2,0.28,15,35,0.05,0.7
2,0.28,20,1,0.02,0.68
2,0.28,20,2,0.02,0.7
2,0.28,20,3,0.02,0.7
2,0.28,20,4,0.02,0.67
2,0.28,20,5,0.02,0.7
2,0.28,20,6,0.02,0.44
2,0.28,20,7,0.02,0.55
2,0.28,20,8,0.02,0.64
2,0.28,20,9,0.02,0.59
2,0.28,20,10,0.02,0.53
2,0.28,20,11,0.02,0.61
2,0.28,20,12,0.02,0.68
2,0.28,20,13,0.02,0.64
2,0.28,20,14,0.02,0.54
2,0.28,20,15,0.02,0.69
2,0.28,20,16,0.02,0.76
2,0.28,20,17,0.02,0.7
2,0.28,20,18,0.02,0.73
2,0.28,20,19,0.02,0.73
2,0.28,20,20,0.02,0.7
2,0.28,20,21,0.02,0.51
2,0.28,20,22,0.02,0.6
2,0.28,20,70,0.02,0.7
2,0.28,20,24,0.02,0.7
2,0.28,20,35,0.02,0.7
2,0.28,4,1,0.16,0.68
2,0.28,4,2,0.16,0.7
2,0.28,4,3,0.16,0.7
2,0.28,4,4,0.16,0.67
2,0.28,4,5,0.16,0.7
2,0.28,4,6,0.16,0.44
2,0.28,4,7,0.16,0.55
2,0.28,4,8,0.16,0.64
2,0.28,4,9,0.16,0.59
2,0.28,4,10,0.16,0.53
2,0.28,4,11,0.16,0.61
2,0.28,4,12,0.16,0.68
2,0.28,4,13,0.16,0.64
2,0.28,4,14,0.16,0.54
2,0.28,4,15,0.16,0.69
2,0.28,4,16,0.16,0.76
2,0.28,4,17,0.16,0.7
2,0.28,4,18,0.16,0.73
2,0.28,4,19,0.16,0.73
2,0.28,4,20,0.16,0.7
2,0.28,4,21,0.16,0.51
2,0.28,4,22,0.16,0.6
2,0.28,4,70,0.16,0.7
2,0.28,4,24,0.16,0.7
2,0.28,4,35,0.16,0.7
3,0.19,3,1,0.14,0.68
3,0.19,3,2,0.14,0.7
3,0.19,3,3,0.14,0.7
3,0.19,3,4,0.14,0.67
3,0.19,3,5,0.14,0.7
3,0.19,3,6,0.14,0.44
3,0.19,3,7,0.14,0.55
3,0.19,3,8,0.14,0.64
3,0.19,3,9,0.14,0.59
3,0.19,3,10,0.14,0.53
3,0.19,3,11,0.14,0.61
3,0.19,3,12,0.14,0.68
3,0.19,3,13,0.14,0.64
3,0.19,3,14,0.14,0.54
3,0.19,3,15,0.14,0.69
3,0.19,3,16,0.14,0.76
3,0.19,3,17,0.14,0.7
3,0.19,3,18,0.14,0.73
3,0.19,3,19,0.14,0.73
3,0.19,3,20,0.14,0.7
3,0.19,3,21,0.14,0.51
3,0.19,3,22,0.14,0.6
3,0.19,3,24,0.14,0.7
3,0.19,3,35,0.14,0.7
3,0.19,3,68,0.14,0.73
3,0.19,3,69,0.14,0.69
3,0.19,3,70,0.14,0.7
3,0.19,3,71,0.14,0.69
3,0.19,3,32,0.14,0.8
3,0.19,3,73,0.14,0.63
3,0.19,131,1,0.99,0.68
3,0.19,131,2,0.99,0.7
3,0.19,131,3,0.99,0.7
3,0.19,131,4,0.99,0.67
3,0.19,131,5,0.99,0.7
3,0.19,131,6,0.99,0.44
3,0.19,131,7,0.99,0.55
3,0.19,131,8,0.99,0.64
3,0.19,131,9,0.99,0.59
3,0.19,131,10,0.99,0.53
3,0.19,131,11,0.99,0.61
3,0.19,131,12,0.99,0.68
3,0.19,131,13,0.99,0.64
3,0.19,131,14,0.99,0.54
3,0.19,131,15,0.99,0.69
3,0.19,131,16,0.99,0.76
3,0.19,131,17,0.99,0.7
3,0.19,131,18,0.99,0.73
3,0.19,131,19,0.99,0.73
3,0.19,131,20,0.99,0.7
3,0.19,131,21,0.99,0.51
3,0.19,131,22,0.99,0.6
3,0.19,131,24,0.99,0.7
3,0.19,131,35,0.99,0.7
3,0.19,131,68,0.99,0.73
3,0.19,131,69,0.99,0.69
3,0.19,131,70,0.99,0.7
3,0.19,131,71,0.99,0.69
3,0.19,131,32,0.99,0.8
3,0.19,131,73,0.99,0.63
4,0.21,4,1,0.16,0.68
4,0.21,4,2,0.16,0.7
4,0.21,4,3,0.16,0.7
4,0.21,4,4,0.16,0.67
4,0.21,4,5,0.16,0.7
4,0.21,4,6,0.16,0.44
4,0.21,4,7,0.16,0.55
4,0.21,4,8,0.16,0.64
4,0.21,4,9,0.16,0.59
4,0.21,4,10,0.16,0.53
4,0.21,4,11,0.16,0.61
4,0.21,4,12,0.16,0.68
4,0.21,4,13,0.16,0.64
4,0.21,4,14,0.16,0.54
4,0.21,4,15,0.16,0.69
4,0.21,4,16,0.16,0.76
4,0.21,4,17,0.16,0.7
4,0.21,4,18,0.16,0.73
4,0.21,4,19,0.16,0.73
4,0.21,4,20,0.16,0.7
4,0.21,4,21,0.16,0.51
4,0.21,4,22,0.16,0.6
4,0.21,4,70,0.16,0.7
4,0.21,4,24,0.16,0.7
4,0.21,4,35,0.16,0.7
4,0.21,4,68,0.16,0.73
4,0.21,4,69,0.16,0.69
4,0.21,4,71,0.16,0.69
4,0.21,4,32,0.16,0.8
4,0.21,4,73,0.16,0.63
4,0.21,4,34,0.16,0.55
4,0.21,4,75,0.16,0.72
4,0.21,4,39,0.16,0.54
4,0.21,4,78,0.16,0.68
4,0.21,4,77,0.16,0.68
4,0.21,4,79,0.16,0.67
4,0.21,4,80,0.16,0.75
4,0.21,1,1,0.27,0.68
4,0.21,1,2,0.27,0.7
4,0.21,1,3,0.27,0.7
4,0.21,1,4,0.27,0.67
4,0.21,1,5,0.27,0.7
4,0.21,1,6,0.27,0.44
4,0.21,1,7,0.27,0.55
4,0.21,1,8,0.27,0.64
4,0.21,1,9,0.27,0.59
4,0.21,1,10,0.27,0.53
4,0.21,1,11,0.27,0.61
4,0.21,1,12,0.27,0.68
4,0.21,1,13,0.27,0.64
4,0.21,1,14,0.27,0.54
4,0.21,1,15,0.27,0.69
4,0.21,1,16,0.27,0.76
4,0.21,1,17,0.27,0.7
4,0.21,1,18,0.27,0.73
4,0.21,1,19,0.27,0.73
4,0.21,1,20,0.27,0.7
4,0.21,1,21,0.27,0.51
4,0.21,1,22,0.27,0.6
4,0.21,1,70,0.27,0.7
4,0.21,1,24,0.27,0.7
4,0.21,1,35,0.27,0.7
4,0.21,1,68,0.27,0.73
4,0.21,1,69,0.27,0.69
4,0.21,1,71,0.27,0.69
4,0.21,1,32,0.27,0.8
4,0.21,1,73,0.27,0.63
4,0.21,1,34,0.27,0.55
4,0.21,1,75,0.27,0.72
4,0.21,1,39,0.27,0.54
4,0.21,1,78,0.27,0.68
4,0.21,1,77,0.27,0.68
4,0.21,1,79,0.27,0.67
4,0.21,1,80,0.27,0.75
4,0.21,18,1,0.01,0.68
4,0.21,18,2,0.01,0.7
4,0.21,18,3,0.01,0.7
4,0.21,18,4,0.01,0.67
4,0.21,18,5,0.01,0.7
4,0.21,18,6,0.01,0.44
4,0.21,18,7,0.01,0.55
4,0.21,18,8,0.01,0.64
4,0.21,18,9,0.01,0.59
4,0.21,18,10,0.01,0.53
4,0.21,18,11,0.01,0.61
4,0.21,18,12,0.01,0.68
4,0.21,18,13,0.01,0.64
4,0.21,18,14,0.01,0.54
4,0.21,18,15,0.01,0.69
4,0.21,18,16,0.01,0.76
4,0.21,18,17,0.01,0.7
4,0.21,18,18,0.01,0.73
4,0.21,18,19,0.01,0.73
4,0.21,18,20,0.01,0.7
4,0.21,18,21,0.01,0.51
4,0.21,18,22,0.01,0.6
4,0.21,18,70,0.01,0.7
4,0.21,18,24,0.01,0.7
4,0.21,18,35,0.01,0.7
4,0.21,18,68,0.01,0.73
4,0.21,18,69,0.01,0.69
4,0.21,18,71,0.01,0.69
4,0.21,18,32,0.01,0.8
4,0.21,18,73,0.01,0.63
4,0.21,18,34,0.01,0.55
4,0.21,18,75,0.01,0.72
4,0.21,18,39,0.01,0.54
4,0.21,18,78,0.01,0.68
4,0.21,18,77,0.01,0.68
4,0.21,18,79,0.01,0.67
4,0.21,18,80,0.01,0.75
4,0.21,6,1,0.36,0.68
4,0.21,6,2,0.36,0.7
4,0.21,6,3,0.36,0.7
4,0.21,6,4,0.36,0.67
4,0.21,6,5,0.36,0.7
4,0.21,6,6,0.36,0.44
4,0.21,6,7,0.36,0.55
4,0.21,6,8,0.36,0.64
4,0.21,6,9,0.36,0.59
4,0.21,6,10,0.36,0.53
4,0.21,6,11,0.36,0.61
4,0.21,6,12,0.36,0.68
4,0.21,6,13,0.36,0.64
4,0.21,6,14,0.36,0.54
4,0.21,6,15,0.36,0.69
4,0.21,6,16,0.36,0.76
4,0.21,6,17,0.36,0.7
4,0.21,6,18,0.36,0.73
4,0.21,6,19,0.36,0.73
4,0.21,6,20,0.36,0.7
4,0.21,6,21,0.36,0.51
4,0.21,6,22,0.36,0.6
4,0.21,6,70,0.36,0.7
4,0.21,6,24,0.36,0.7
4,0.21,6,35,0.36,0.7
4,0.21,6,68,0.36,0.73
4,0.21,6,69,0.36,0.69
4,0.21,6,71,0.36,0.69
4,0.21,6,32,0.36,0.8
4,0.21,6,73,0.36,0.63
4,0.21,6,34,0.36,0.55
4,0.21,6,75,0.36,0.72
4,0.21,6,39,0.36,0.54
4,0.21,6,78,0.36,0.68
4,0.21,6,77,0.36,0.68
4,0.21,6,79,0.36,0.67
4,0.21,6,80,0.36,0.75
4,0.21,214,1,0.21,0.68
4,0.21,214,2,0.21,0.7
4,0.21,214,3,0.21,0.7
4,0.21,214,4,0.21,0.67
4,0.21,214,5,0.21,0.7
4,0.21,214,6,0.21,0.44
4,0.21,214,7,0.21,0.55
4,0.21,214,8,0.21,0.64
4,0.21,214,9,0.21,0.59
4,0.21,214,10,0.21,0.53
4,0.21,214,11,0.21,0.61
4,0.21,214,12,0.21,0.68
4,0.21,214,13,0.21,0.64
4,0.21,214,14,0.21,0.54
4,0.21,214,15,0.21,0.69
4,0.21,214,16,0.21,0.76
4,0.21,214,17,0.21,0.7
4,0.21,214,18,0.21,0.73
4,0.21,214,19,0.21,0.73
4,0.21,214,20,0.21,0.7
4,0.21,214,21,0.21,0.51
4,0.21,214,22,0.21,0.6
4,0.21,214,70,0.21,0.7
4,0.21,214,24,0.21,0.7
4,0.21,214,35,0.21,0.7
4,0.21,214,68,0.21,0.73
4,0.21,214,69,0.21,0.69
4,0.21,214,71,0.21,0.69
4,0.21,214,32,0.21,0.8
4,0.21,214,73,0.21,0.63
4,0.21,214,34,0.21,0.55
4,0.21,214,75,0.21,0.72
4,0.21,214,39,0.21,0.54
4,0.21,214,78,0.21,0.68
4,0.21,214,77,0.21,0.68
4,0.21,214,79,0.21,0.67
4,0.21,214,80,0.21,0.75
4,0.21,117,1,0.24,0.68
4,0.21,117,2,0.24,0.7
4,0.21,117,3,0.24,0.7
4,0.21,117,4,0.24,0.67
4,0.21,117,5,0.24,0.7
4,0.21,117,6,0.24,0.44
4,0.21,117,7,0.24,0.55
4,0.21,117,8,0.24,0.64
4,0.21,117,9,0.24,0.59
4,0.21,117,10,0.24,0.53
4,0.21,117,11,0.24,0.61
4,0.21,117,12,0.24,0.68
4,0.21,117,13,0.24,0.64
4,0.21,117,14,0.24,0.54
4,0.21,117,15,0.24,0.69
4,0.21,117,16,0.24,0.76
4,0.21,117,17,0.24,0.7
4,0.21,117,18,0.24,0.73
4,0.21,117,19,0.24,0.73
4,0.21,117,20,0.24,0.7
4,0.21,117,21,0.24,0.51
4,0.21,117,22,0.24,0.6
4,0.21,117,70,0.24,0.7
4,0.21,117,24,0.24,0.7
4,0.21,117,35,0.24,0.7
4,0.21,117,68,0.24,0.73
4,0.21,117,69,0.24,0.69
4,0.21,117,71,0.24,0.69
4,0.21,117,32,0.24,0.8
4,0.21,117,73,0.24,0.63
4,0.21,117,34,0.24,0.55
4,0.21,117,75,0.24,0.72
4,0.21,117,39,0.24,0.54
4,0.21,117,78,0.24,0.68
4,0.21,117,77,0.24,0.68
4,0.21,117,79,0.24,0.67
4,0.21,117,80,0.24,0.75
5,0.37,1,1,0.27,0.68
5,0.37,1,2,0.27,0.7
5,0.37,1,3,0.27,0.7
5,0.37,1,4,0.27,0.67
5,0.37,1,5,0.27,0.7
5,0.37,1,6,0.27,0.44
5,0.37,1,7,0.27,0.55
5,0.37,1,8,0.27,0.64
5,0.37,1,9,0.27,0.59
5,0.37,1,10,0.27,0.53
5,0.37,1,11,0.27,0.61
5,0.37,1,12,0.27,0.68
5,0.37,1,13,0.27,0.64
5,0.37,1,14,0.27,0.54
5,0.37,1,15,0.27,0.69
5,0.37,1,16,0.27,0.76
5,0.37,1,17,0.27,0.7
5,0.37,1,18,0.27,0.73
5,0.37,1,19,0.27,0.73
5,0.37,1,20,0.27,0.7
5,0.37,1,22,0.27,0.6
5,0.37,1,24,0.27,0.7
5,0.37,1,35,0.27,0.7
5,0.37,1,68,0.27,0.73
5,0.37,1,69,0.27,0.69
5,0.37,4,1,0.16,0.68
5,0.37,4,2,0.16,0.7
5,0.37,4,3,0.16,0.7
5,0.37,4,4,0.16,0.67
5,0.37,4,5,0.16,0.7
5,0.37,4,6,0.16,0.44
5,0.37,4,7,0.16,0.55
5,0.37,4,8,0.16,0.64
5,0.37,4,9,0.16,0.59
5,0.37,4,10,0.16,0.53
5,0.37,4,11,0.16,0.61
5,0.37,4,12,0.16,0.68
5,0.37,4,13,0.16,0.64
5,0.37,4,14,0.16,0.54
5,0.37,4,15,0.16,0.69
5,0.37,4,16,0.16,0.76
5,0.37,4,17,0.16,0.7
5,0.37,4,18,0.16,0.73
5,0.37,4,19,0.16,0.73
5,0.37,4,20,0.16,0.7
5,0.37,4,22,0.16,0.6
5,0.37,4,24,0.16,0.7
5,0.37,4,35,0.16,0.7
5,0.37,4,68,0.16,0.73
5,0.37,4,69,0.16,0.69
5,0.37,205,1,0,0.68
5,0.37,205,2,0,0.7
5,0.37,205,3,0,0.7
5,0.37,205,4,0,0.67
5,0.37,205,5,0,0.7
5,0.37,205,6,0,0.44
5,0.37,205,7,0,0.55
5,0.37,205,8,0,0.64
5,0.37,205,9,0,0.59
5,0.37,205,10,0,0.53
5,0.37,205,11,0,0.61
5,0.37,205,12,0,0.68
5,0.37,205,13,0,0.64
5,0.37,205,14,0,0.54
5,0.37,205,15,0,0.69
5,0.37,205,16,0,0.76
5,0.37,205,17,0,0.7
5,0.37,205,18,0,0.73
5,0.37,205,19,0,0.73
5,0.37,205,20,0,0.7
5,0.37,205,22,0,0.6
5,0.37,205,24,0,0.7
5,0.37,205,35,0,0.7
5,0.37,205,68,0,0.73
5,0.37,205,69,0,0.69
5,0.37,207,1,0,0.68
5,0.37,207,2,0,0.7
5,0.37,207,3,0,0.7
5,0.37,207,4,0,0.67
5,0.37,207,5,0,0.7
5,0.37,207,6,0,0.44
5,0.37,207,7,0,0.55
5,0.37,207,8,0,0.64
5,0.37,207,9,0,0.59
5,0.37,207,10,0,0.53
5,0.37,207,11,0,0.61
5,0.37,207,12,0,0.68
5,0.37,207,13,0,0.64
5,0.37,207,14,0,0.54
5,0.37,207,15,0,0.69
5,0.37,207,16,0,0.76
5,0.37,207,17,0,0.7
5,0.37,207,18,0,0.73
5,0.37,207,19,0,0.73
5,0.37,207,20,0,0.7
5,0.37,207,22,0,0.6
5,0.37,207,24,0,0.7
5,0.37,207,35,0,0.7
5,0.37,207,68,0,0.73
5,0.37,207,69,0,0.69
5,0.37,208,1,0.36,0.68
5,0.37,208,2,0.36,0.7
5,0.37,208,3,0.36,0.7
5,0.37,208,4,0.36,0.67
5,0.37,208,5,0.36,0.7
5,0.37,208,6,0.36,0.44
5,0.37,208,7,0.36,0.55
5,0.37,208,8,0.36,0.64
5,0.37,208,9,0.36,0.59
5,0.37,208,10,0.36,0.53
5,0.37,208,11,0.36,0.61
5,0.37,208,12,0.36,0.68
5,0.37,208,13,0.36,0.64
5,0.37,208,14,0.36,0.54
5,0.37,208,15,0.36,0.69
5,0.37,208,16,0.36,0.76
5,0.37,208,17,0.36,0.7
5,0.37,208,18,0.36,0.73
5,0.37,208,19,0.36,0.73
5,0.37,208,20,0.36,0.7
5,0.37,208,22,0.36,0.6
5,0.37,208,24,0.36,0.7
5,0.37,208,35,0.36,0.7
5,0.37,208,68,0.36,0.73
5,0.37,208,69,0.36,0.69
6,0.36,3,1,0.14,0.68
6,0.36,3,2,0.14,0.7
6,0.36,3,3,0.14,0.7
6,0.36,3,4,0.14,0.67
6,0.36,3,5,0.14,0.7
6,0.36,3,6,0.14,0.44
6,0.36,3,7,0.14,0.55
6,0.36,3,8,0.14,0.64
6,0.36,3,9,0.14,0.59
6,0.36,3,10,0.14,0.53
6,0.36,3,11,0.14,0.61
6,0.36,3,12,0.14,0.68
6,0.36,3,13,0.14,0.64
6,0.36,3,14,0.14,0.54
6,0.36,3,15,0.14,0.69
6,0.36,3,16,0.14,0.76
6,0.36,3,17,0.14,0.7
6,0.36,3,18,0.14,0.73
6,0.36,3,20,0.14,0.7
6,0.36,3,22,0.14,0.6
6,0.36,3,24,0.14,0.7
7,0.39,5,1,0.07,0.68
7,0.39,5,2,0.07,0.7
7,0.39,5,3,0.07,0.7
7,0.39,5,4,0.07,0.67
7,0.39,5,5,0.07,0.7
7,0.39,5,6,0.07,0.44
7,0.39,5,7,0.07,0.55
7,0.39,5,8,0.07,0.64
7,0.39,5,9,0.07,0.59
7,0.39,5,10,0.07,0.53
7,0.39,5,11,0.07,0.61
7,0.39,5,12,0.07,0.68
7,0.39,5,13,0.07,0.64
7,0.39,5,14,0.07,0.54
7,0.39,5,15,0.07,0.69
7,0.39,5,16,0.07,0.76
7,0.39,5,17,0.07,0.7
7,0.39,5,18,0.07,0.73
7,0.39,5,20,0.07,0.7
8,0.2,6,1,0.36,0.68
8,0.2,6,2,0.36,0.7
8,0.2,6,3,0.36,0.7
8,0.2,6,4,0.36,0.67
8,0.2,6,5,0.36,0.7
8,0.2,6,6,0.36,0.44
8,0.2,6,7,0.36,0.55
8,0.2,6,8,0.36,0.64
8,0.2,6,9,0.36,0.59
8,0.2,6,10,0.36,0.53
8,0.2,6,11,0.36,0.61
8,0.2,6,12,0.36,0.68
8,0.2,6,13,0.36,0.64
8,0.2,6,14,0.36,0.54
8,0.2,6,15,0.36,0.69
8,0.2,6,16,0.36,0.76
8,0.2,6,17,0.36,0.7
8,0.2,6,18,0.36,0.73
8,0.2,6,19,0.36,0.73
8,0.2,6,20,0.36,0.7
8,0.2,6,21,0.36,0.51
8,0.2,6,22,0.36,0.6
8,0.2,6,70,0.36,0.7
8,0.2,6,24,0.36,0.7
8,0.2,6,35,0.36,0.7
8,0.2,6,68,0.36,0.73
8,0.2,6,69,0.36,0.69
8,0.2,6,71,0.36,0.69
8,0.2,6,32,0.36,0.8
8,0.2,6,73,0.36,0.63
8,0.2,6,34,0.36,0.55
8,0.2,6,76,0.36,0.74
8,0.2,6,75,0.36,0.72
8,0.2,6,78,0.36,0.68
8,0.2,6,77,0.36,0.68
8,0.2,1,1,0.27,0.68
8,0.2,1,2,0.27,0.7
8,0.2,1,3,0.27,0.7
8,0.2,1,4,0.27,0.67
8,0.2,1,5,0.27,0.7
8,0.2,1,6,0.27,0.44
8,0.2,1,7,0.27,0.55
8,0.2,1,8,0.27,0.64
8,0.2,1,9,0.27,0.59
8,0.2,1,10,0.27,0.53
8,0.2,1,11,0.27,0.61
8,0.2,1,12,0.27,0.68
8,0.2,1,13,0.27,0.64
8,0.2,1,14,0.27,0.54
8,0.2,1,15,0.27,0.69
8,0.2,1,16,0.27,0.76
8,0.2,1,17,0.27,0.7
8,0.2,1,18,0.27,0.73
8,0.2,1,19,0.27,0.73
8,0.2,1,20,0.27,0.7
8,0.2,1,21,0.27,0.51
8,0.2,1,22,0.27,0.6
8,0.2,1,70,0.27,0.7
8,0.2,1,24,0.27,0.7
8,0.2,1,35,0.27,0.7
8,0.2,1,68,0.27,0.73
8,0.2,1,69,0.27,0.69
8,0.2,1,71,0.27,0.69
8,0.2,1,32,0.27,0.8
8,0.2,1,73,0.27,0.63
8,0.2,1,34,0.27,0.55
8,0.2,1,76,0.27,0.74
8,0.2,1,75,0.27,0.72
8,0.2,1,78,0.27,0.68
8,0.2,1,77,0.27,0.68
8,0.2,15,1,0.05,0.68
8,0.2,15,2,0.05,0.7
8,0.2,15,3,0.05,0.7
8,0.2,15,4,0.05,0.67
8,0.2,15,5,0.05,0.7
8,0.2,15,6,0.05,0.44
8,0.2,15,7,0.05,0.55
8,0.2,15,8,0.05,0.64
8,0.2,15,9,0.05,0.59
8,0.2,15,10,0.05,0.53
8,0.2,15,11,0.05,0.61
8,0.2,15,12,0.05,0.68
8,0.2,15,13,0.05,0.64
8,0.2,15,14,0.05,0.54
8,0.2,15,15,0.05,0.69
8,0.2,15,16,0.05,0.76
8,0.2,15,17,0.05,0.7
8,0.2,15,18,0.05,0.73
8,0.2,15,19,0.05,0.73
8,0.2,15,20,0.05,0.7
8,0.2,15,21,0.05,0.51
8,0.2,15,22,0.05,0.6
8,0.2,15,70,0.05,0.7
8,0.2,15,24,0.05,0.7
8,0.2,15,35,0.05,0.7
8,0.2,15,68,0.05,0.73
8,0.2,15,69,0.05,0.69
8,0.2,15,71,0.05,0.69
8,0.2,15,32,0.05,0.8
8,0.2,15,73,0.05,0.63
8,0.2,15,34,0.05,0.55
8,0.2,15,76,0.05,0.74
8,0.2,15,75,0.05,0.72
8,0.2,15,78,0.05,0.68
8,0.2,15,77,0.05,0.68
8,0.2,208,1,0.36,0.68
8,0.2,208,2,0.36,0.7
8,0.2,208,3,0.36,0.7
8,0.2,208,4,0.36,0.67
8,0.2,208,5,0.36,0.7
8,0.2,208,6,0.36,0.44
8,0.2,208,7,0.36,0.55
8,0.2,208,8,0.36,0.64
8,0.2,208,9,0.36,0.59
8,0.2,208,10,0.36,0.53
8,0.2,208,11,0.36,0.61
8,0.2,208,12,0.36,0.68
8,0.2,208,13,0.36,0.64
8,0.2,208,14,0.36,0.54
8,0.2,208,15,0.36,0.69
8,0.2,208,16,0.36,0.76
8,0.2,208,17,0.36,0.7
8,0.2,208,18,0.36,0.73
8,0.2,208,19,0.36,0.73
8,0.2,208,20,0.36,0.7
8,0.2,208,21,0.36,0.51
8,0.2,208,22,0.36,0.6
8,0.2,208,70,0.36,0.7
8,0.2,208,24,0.36,0.7
8,0.2,208,35,0.36,0.7
8,0.2,208,68,0.36,0.73
8,0.2,208,69,0.36,0.69
8,0.2,208,71,0.36,0.69
8,0.2,208,32,0.36,0.8
8,0.2,208,73,0.36,0.63
8,0.2,208,34,0.36,0.55
8,0.2,208,76,0.36,0.74
8,0.2,208,75,0.36,0.72
8,0.2,208,78,0.36,0.68
8,0.2,208,77,0.36,0.68
8,0.2,51,1,0.04,0.68
8,0.2,51,2,0.04,0.7
8,0.2,51,3,0.04,0.7
8,0.2,51,4,0.04,0.67
8,0.2,51,5,0.04,0.7
8,0.2,51,6,0.04,0.44
8,0.2,51,7,0.04,0.55
8,0.2,51,8,0.04,0.64
8,0.2,51,9,0.04,0.59
8,0.2,51,10,0.04,0.53
8,0.2,51,11,0.04,0.61
8,0.2,51,12,0.04,0.68
8,0.2,51,13,0.04,0.64
8,0.2,51,14,0.04,0.54
8,0.2,51,15,0.04,0.69
8,0.2,51,16,0.04,0.76
8,0.2,51,17,0.04,0.7
8,0.2,51,18,0.04,0.73
8,0.2,51,19,0.04,0.73
8,0.2,51,20,0.04,0.7
8,0.2,51,21,0.04,0.51
8,0.2,51,22,0.04,0.6
8,0.2,51,70,0.04,0.7
8,0.2,51,24,0.04,0.7
8,0.2,51,35,0.04,0.7
8,0.2,51,68,0.04,0.73
8,0.2,51,69,0.04,0.69
8,0.2,51,71,0.04,0.69
8,0.2,51,32,0.04,0.8
8,0.2,51,73,0.04,0.63
8,0.2,51,34,0.04,0.55
8,0.2,51,76,0.04,0.74
8,0.2,51,75,0.04,0.72
8,0.2,51,78,0.04,0.68
8,0.2,51,77,0.04,0.68
9,0.28,2,1,0.16,0.68
9,0.28,2,2,0.16,0.7
9,0.28,2,3,0.16,0.7
9,0.28,2,4,0.16,0.67
9,0.28,2,5,0.16,0.7
9,0.28,2,6,0.16,0.44
9,0.28,2,7,0.16,0.55
9,0.28,2,8,0.16,0.64
9,0.28,2,9,0.16,0.59
9,0.28,2,10,0.16,0.53
9,0.28,2,11,0.16,0.61
9,0.28,2,12,0.16,0.68
9,0.28,2,13,0.16,0.64
9,0.28,2,14,0.16,0.54
9,0.28,2,15,0.16,0.69
9,0.28,2,16,0.16,0.76
9,0.28,2,17,0.16,0.7
9,0.28,2,18,0.16,0.73
9,0.28,2,20,0.16,0.7
9,0.28,2,22,0.16,0.6
9,0.28,2,24,0.16,0.7
9,0.28,2,35,0.16,0.7
9,0.28,2,73,0.16,0.63
9,0.28,2,34,0.16,0.55
9,0.28,2,70,0.16,0.7
9,0.28,2,71,0.16,0.69
9,0.28,2,32,0.16,0.8
9,0.28,2,69,0.16,0.69
9,0.28,2,39,0.16,0.54
9,0.28,4,1,0.16,0.68
9,0.28,4,2,0.16,0.7
9,0.28,4,3,0.16,0.7
9,0.28,4,4,0.16,0.67
9,0.28,4,5,0.16,0.7
9,0.28,4,6,0.16,0.44
9,0.28,4,7,0.16,0.55
9,0.28,4,8,0.16,0.64
9,0.28,4,9,0.16,0.59
9,0.28,4,10,0.16,0.53
9,0.28,4,11,0.16,0.61
9,0.28,4,12,0.16,0.68
9,0.28,4,13,0.16,0.64
9,0.28,4,14,0.16,0.54
9,0.28,4,15,0.16,0.69
9,0.28,4,16,0.16,0.76
9,0.28,4,17,0.16,0.7
9,0.28,4,18,0.16,0.73
9,0.28,4,20,0.16,0.7
9,0.28,4,22,0.16,0.6
9,0.28,4,24,0.16,0.7
9,0.28,4,35,0.16,0.7
9,0.28,4,73,0.16,0.63
9,0.28,4,34,0.16,0.55
9,0.28,4,70,0.16,0.7
9,0.28,4,71,0.16,0.69
9,0.28,4,32,0.16,0.8
9,0.28,4,69,0.16,0.69
9,0.28,4,39,0.16,0.54
9,0.28,3,1,0.14,0.68
9,0.28,3,2,0.14,0.7
9,0.28,3,3,0.14,0.7
9,0.28,3,4,0.14,0.67
9,0.28,3,5,0.14,0.7
9,0.28,3,6,0.14,0.44
9,0.28,3,7,0.14,0.55
9,0.28,3,8,0.14,0.64
9,0.28,3,9,0.14,0.59
9,0.28,3,10,0.14,0.53
9,0.28,3,11,0.14,0.61
9,0.28,3,12,0.14,0.68
9,0.28,3,13,0.14,0.64
9,0.28,3,14,0.14,0.54
9,0.28,3,15,0.14,0.69
9,0.28,3,16,0.14,0.76
9,0.28,3,17,0.14,0.7
9,0.28,3,18,0.14,0.73
9,0.28,3,20,0.14,0.7
9,0.28,3,22,0.14,0.6
9,0.28,3,24,0.14,0.7
9,0.28,3,35,0.14,0.7
9,0.28,3,73,0.14,0.63
9,0.28,3,34,0.14,0.55
9,0.28,3,70,0.14,0.7
9,0.28,3,71,0.14,0.69
9,0.28,3,32,0.14,0.8
9,0.28,3,69,0.14,0.69
9,0.28,3,39,0.14,0.54
9,0.28,51,1,0.04,0.68
9,0.28,51,2,0.04,0.7
9,0.28,51,3,0.04,0.7
9,0.28,51,4,0.04,0.67
9,0.28,51,5,0.04,0.7
9,0.28,51,6,0.04,0.44
9,0.28,51,7,0.04,0.55
9,0.28,51,8,0.04,0.64
9,0.28,51,9,0.04,0.59
9,0.28,51,10,0.04,0.53
9,0.28,51,11,0.04,0.61
9,0.28,51,12,0.04,0.68
9,0.28,51,13,0.04,0.64
9,0.28,51,14,0.04,0.54
9,0.28,51,15,0.04,0.69
9,0.28,51,16,0.04,0.76
9,0.28,51,17,0.04,0.7
9,0.28,51,18,0.04,0.73
9,0.28,51,20,0.04,0.7
9,0.28,51,22,0.04,0.6
9,0.28,51,24,0.04,0.7
9,0.28,51,35,0.04,0.7
9,0.28,51,73,0.04,0.63
9,0.28,51,34,0.04,0.55
9,0.28,51,70,0.04,0.7
9,0.28,51,71,0.04,0.69
9,0.28,51,32,0.04,0.8
9,0.28,51,69,0.04,0.69
9,0.28,51,39,0.04,0.54
10,0.44,7,1,0.08,0.68
10,0.44,7,2,0.08,0.7
10,0.44,7,3,0.08,0.7
10,0.44,7,4,0.08,0.67
10,0.44,7,5,0.08,0.7
10,0.44,7,6,0.08,0.44
10,0.44,7,7,0.08,0.55
10,0.44,7,8,0.08,0.64
10,0.44,7,9,0.08,0.59
10,0.44,7,10,0.08,0.53
10,0.44,7,11,0.08,0.61
10,0.44,7,12,0.08,0.68
10,0.44,7,13,0.08,0.64
10,0.44,7,14,0.08,0.54
10,0.44,7,15,0.08,0.69
10,0.44,7,16,0.08,0.76
10,0.44,7,17,0.08,0.7
10,0.44,7,18,0.08,0.73
10,0.44,7,22,0.08,0.6
10,0.44,7,20,0.08,0.7
10,0.44,7,35,0.08,0.7
10,0.44,7,24,0.08,0.7
10,0.44,7,68,0.08,0.73
10,0.44,7,69,0.08,0.69
10,0.44,17,1,0.04,0.68
10,0.44,17,2,0.04,0.7
10,0.44,17,3,0.04,0.7
10,0.44,17,4,0.04,0.67
10,0.44,17,5,0.04,0.7
10,0.44,17,6,0.04,0.44
10,0.44,17,7,0.04,0.55
10,0.44,17,8,0.04,0.64
10,0.44,17,9,0.04,0.59
10,0.44,17,10,0.04,0.53
10,0.44,17,11,0.04,0.61
10,0.44,17,12,0.04,0.68
10,0.44,17,13,0.04,0.64
10,0.44,17,14,0.04,0.54
10,0.44,17,15,0.04,0.69
10,0.44,17,16,0.04,0.76
10,0.44,17,17,0.04,0.7
10,0.44,17,18,0.04,0.73
10,0.44,17,22,0.04,0.6
10,0.44,17,20,0.04,0.7
10,0.44,17,35,0.04,0.7
10,0.44,17,24,0.04,0.7
10,0.44,17,68,0.04,0.73
10,0.44,17,69,0.04,0.69
10,0.44,166,1,0,0.68
10,0.44,166,2,0,0.7
10,0.44,166,3,0,0.7
10,0.44,166,4,0,0.67
10,0.44,166,5,0,0.7
10,0.44,166,6,0,0.44
10,0.44,166,7,0,0.55
10,0.44,166,8,0,0.64
10,0.44,166,9,0,0.59
10,0.44,166,10,0,0.53
10,0.44,166,11,0,0.61
10,0.44,166,12,0,0.68
10,0.44,166,13,0,0.64
10,0.44,166,14,0,0.54
10,0.44,166,15,0,0.69
10,0.44,166,16,0,0.76
10,0.44,166,17,0,0.7
10,0.44,166,18,0,0.73
10,0.44,166,22,0,0.6
10,0.44,166,20,0,0.7
10,0.44,166,35,0,0.7
10,0.44,166,24,0,0.7
10,0.44,166,68,0,0.73
10,0.44,166,69,0,0.69
10,0.44,206,1,0,0.68
10,0.44,206,2,0,0.7
10,0.44,206,3,0,0.7
10,0.44,206,4,0,0.67
10,0.44,206,5,0,0.7
10,0.44,206,6,0,0.44
10,0.44,206,7,0,0.55
10,0.44,206,8,0,0.64
10,0.44,206,9,0,0.59
10,0.44,206,10,0,0.53
10,0.44,206,11,0,0.61
10,0.44,206,12,0,0.68
10,0.44,206,13,0,0.64
10,0.44,206,14,0,0.54
10,0.44,206,15,0,0.69
10,0.44,206,16,0,0.76
10,0.44,206,17,0,0.7
10,0.44,206,18,0,0.73
10,0.44,206,22,0,0.6
10,0.44,206,20,0,0.7
10,0.44,206,35,0,0.7
10,0.44,206,24,0,0.7
10,0.44,206,68,0,0.73
10,0.44,206,69,0,0.69
11,0.37,8,1,0,0.68
11,0.37,8,2,0,0.7
11,0.37,8,3,0,0.7
11,0.37,8,4,0,0.67
11,0.37,8,6,0,0.44
11,0.37,8,7,0,0.55
11,0.37,8,19,0,0.73
11,0.37,8,8,0,0.64
11,0.37,8,9,0,0.59
11,0.37,8,20,0,0.7
11,0.37,8,11,0,0.61
11,0.37,8,5,0,0.7
11,0.37,8,14,0,0.54
11,0.37,8,13,0,0.64
11,0.37,8,16,0,0.76
11,0.37,8,17,0,0.7
11,0.37,8,18,0,0.73
11,0.37,8,21,0,0.51
11,0.37,8,10,0,0.53
11,0.37,8,22,0,0.6
11,0.37,8,70,0,0.7
11,0.37,16,1,0.06,0.68
11,0.37,16,2,0.06,0.7
11,0.37,16,3,0.06,0.7
11,0.37,16,4,0.06,0.67
11,0.37,16,6,0.06,0.44
11,0.37,16,7,0.06,0.55
11,0.37,16,19,0.06,0.73
11,0.37,16,8,0.06,0.64
11,0.37,16,9,0.06,0.59
11,0.37,16,20,0.06,0.7
11,0.37,16,11,0.06,0.61
11,0.37,16,5,0.06,0.7
11,0.37,16,14,0.06,0.54
11,0.37,16,13,0.06,0.64
11,0.37,16,16,0.06,0.76
11,0.37,16,17,0.06,0.7
11,0.37,16,18,0.06,0.73
11,0.37,16,21,0.06,0.51
11,0.37,16,10,0.06,0.53
11,0.37,16,22,0.06,0.6
11,0.37,16,70,0.06,0.7
11,0.37,17,1,0.04,0.68
11,0.37,17,2,0.04,0.7
11,0.37,17,3,0.04,0.7
11,0.37,17,4,0.04,0.67
11,0.37,17,6,0.04,0.44
11,0.37,17,7,0.04,0.55
11,0.37,17,19,0.04,0.73
11,0.37,17,8,0.04,0.64
11,0.37,17,9,0.04,0.59
11,0.37,17,20,0.04,0.7
11,0.37,17,11,0.04,0.61
11,0.37,17,5,0.04,0.7
11,0.37,17,14,0.04,0.54
11,0.37,17,13,0.04,0.64
11,0.37,17,16,0.04,0.76
11,0.37,17,17,0.04,0.7
11,0.37,17,18,0.04,0.73
11,0.37,17,21,0.04,0.51
11,0.37,17,10,0.04,0.53
11,0.37,17,22,0.04,0.6
11,0.37,17,70,0.04,0.7
12,0.37,4,1,0.16,0.68
12,0.37,4,2,0.16,0.7
12,0.37,4,3,0.16,0.7
12,0.37,4,4,0.16,0.67
12,0.37,4,5,0.16,0.7
12,0.37,4,6,0.16,0.44
12,0.37,4,7,0.16,0.55
12,0.37,4,8,0.16,0.64
12,0.37,4,9,0.16,0.59
12,0.37,4,10,0.16,0.53
12,0.37,4,11,0.16,0.61
12,0.37,4,12,0.16,0.68
12,0.37,4,13,0.16,0.64
12,0.37,4,14,0.16,0.54
12,0.37,4,15,0.16,0.69
12,0.37,4,16,0.16,0.76
12,0.37,4,17,0.16,0.7
12,0.37,4,18,0.16,0.73
12,0.37,4,20,0.16,0.7
13,0.22,6,1,0.36,0.68
13,0.22,6,2,0.36,0.7
13,0.22,6,3,0.36,0.7
13,0.22,6,4,0.36,0.67
13,0.22,6,5,0.36,0.7
13,0.22,6,6,0.36,0.44
13,0.22,6,7,0.36,0.55
13,0.22,6,8,0.36,0.64
13,0.22,6,9,0.36,0.59
13,0.22,6,10,0.36,0.53
13,0.22,6,11,0.36,0.61
13,0.22,6,12,0.36,0.68
13,0.22,6,13,0.36,0.64
13,0.22,6,14,0.36,0.54
13,0.22,6,15,0.36,0.69
13,0.22,6,16,0.36,0.76
13,0.22,6,17,0.36,0.7
13,0.22,6,18,0.36,0.73
13,0.22,6,19,0.36,0.73
13,0.22,6,20,0.36,0.7
13,0.22,6,21,0.36,0.51
13,0.22,6,22,0.36,0.6
13,0.22,6,70,0.36,0.7
13,0.22,6,35,0.36,0.7
13,0.22,6,24,0.36,0.7
13,0.22,6,68,0.36,0.73
13,0.22,6,69,0.36,0.69
13,0.22,6,71,0.36,0.69
13,0.22,6,32,0.36,0.8
13,0.22,6,73,0.36,0.63
13,0.22,15,1,0.05,0.68
13,0.22,15,2,0.05,0.7
13,0.22,15,3,0.05,0.7
13,0.22,15,4,0.05,0.67
13,0.22,15,5,0.05,0.7
13,0.22,15,6,0.05,0.44
13,0.22,15,7,0.05,0.55
13,0.22,15,8,0.05,0.64
13,0.22,15,9,0.05,0.59
13,0.22,15,10,0.05,0.53
13,0.22,15,11,0.05,0.61
13,0.22,15,12,0.05,0.68
13,0.22,15,13,0.05,0.64
13,0.22,15,14,0.05,0.54
13,0.22,15,15,0.05,0.69
13,0.22,15,16,0.05,0.76
13,0.22,15,17,0.05,0.7
13,0.22,15,18,0.05,0.73
13,0.22,15,19,0.05,0.73
13,0.22,15,20,0.05,0.7
13,0.22,15,21,0.05,0.51
13,0.22,15,22,0.05,0.6
13,0.22,15,70,0.05,0.7
13,0.22,15,35,0.05,0.7
13,0.22,15,24,0.05,0.7
13,0.22,15,68,0.05,0.73
13,0.22,15,69,0.05,0.69
13,0.22,15,71,0.05,0.69
13,0.22,15,32,0.05,0.8
13,0.22,15,73,0.05,0.63
13,0.22,3,1,0.14,0.68
13,0.22,3,2,0.14,0.7
13,0.22,3,3,0.14,0.7
13,0.22,3,4,0.14,0.67
13,0.22,3,5,0.14,0.7
13,0.22,3,6,0.14,0.44
13,0.22,3,7,0.14,0.55
13,0.22,3,8,0.14,0.64
13,0.22,3,9,0.14,0.59
13,0.22,3,10,0.14,0.53
13,0.22,3,11,0.14,0.61
13,0.22,3,12,0.14,0.68
13,0.22,3,13,0.14,0.64
13,0.22,3,14,0.14,0.54
13,0.22,3,15,0.14,0.69
13,0.22,3,16,0.14,0.76
13,0.22,3,17,0.14,0.7
13,0.22,3,18,0.14,0.73
13,0.22,3,19,0.14,0.73
13,0.22,3,20,0.14,0.7
13,0.22,3,21,0.14,0.51
13,0.22,3,22,0.14,0.6
13,0.22,3,70,0.14,0.7
13,0.22,3,35,0.14,0.7
13,0.22,3,24,0.14,0.7
13,0.22,3,68,0.14,0.73
13,0.22,3,69,0.14,0.69
13,0.22,3,71,0.14,0.69
13,0.22,3,32,0.14,0.8
13,0.22,3,73,0.14,0.63
14,0.24,9,1,0.79,0.68
14,0.24,9,2,0.79,0.7
14,0.24,9,3,0.79,0.7
14,0.24,9,4,0.79,0.67
14,0.24,9,5,0.79,0.7
14,0.24,9,6,0.79,0.44
14,0.24,9,7,0.79,0.55
14,0.24,9,8,0.79,0.64
14,0.24,9,9,0.79,0.59
14,0.24,9,10,0.79,0.53
14,0.24,9,11,0.79,0.61
14,0.24,9,12,0.79,0.68
14,0.24,9,13,0.79,0.64
14,0.24,9,14,0.79,0.54
14,0.24,9,15,0.79,0.69
14,0.24,9,16,0.79,0.76
14,0.24,9,17,0.79,0.7
14,0.24,9,18,0.79,0.73
14,0.24,9,19,0.79,0.73
14,0.24,9,20,0.79,0.7
14,0.24,9,21,0.79,0.51
14,0.24,9,22,0.79,0.6
14,0.24,9,70,0.79,0.7
14,0.24,9,25,0.79,0.66
14,0.24,9,26,0.79,0.37
14,0.24,9,27,0.79,0.48
14,0.24,9,28,0.79,0.65
14,0.24,9,29,0.79,0.47
14,0.24,1,1,0.27,0.68
14,0.24,1,2,0.27,0.7
14,0.24,1,3,0.27,0.7
14,0.24,1,4,0.27,0.67
14,0.24,1,5,0.27,0.7
14,0.24,1,6,0.27,0.44
14,0.24,1,7,0.27,0.55
14,0.24,1,8,0.27,0.64
14,0.24,1,9,0.27,0.59
14,0.24,1,10,0.27,0.53
14,0.24,1,11,0.27,0.61
14,0.24,1,12,0.27,0.68
14,0.24,1,13,0.27,0.64
14,0.24,1,14,0.27,0.54
14,0.24,1,15,0.27,0.69
14,0.24,1,16,0.27,0.76
14,0.24,1,17,0.27,0.7
14,0.24,1,18,0.27,0.73
14,0.24,1,19,0.27,0.73
14,0.24,1,20,0.27,0.7
14,0.24,1,21,0.27,0.51
14,0.24,1,22,0.27,0.6
14,0.24,1,70,0.27,0.7
14,0.24,1,25,0.27,0.66
14,0.24,1,26,0.27,0.37
14,0.24,1,27,0.27,0.48
14,0.24,1,28,0.27,0.65
14,0.24,1,29,0.27,0.47
14,0.24,3,1,0.14,0.68
14,0.24,3,2,0.14,0.7
14,0.24,3,3,0.14,0.7
14,0.24,3,4,0.14,0.67
14,0.24,3,5,0.14,0.7
14,0.24,3,6,0.14,0.44
14,0.24,3,7,0.14,0.55
14,0.24,3,8,0.14,0.64
14,0.24,3,9,0.14,0.59
14,0.24,3,10,0.14,0.53
14,0.24,3,11,0.14,0.61
14,0.24,3,12,0.14,0.68
14,0.24,3,13,0.14,0.64
14,0.24,3,14,0.14,0.54
14,0.24,3,15,0.14,0.69
14,0.24,3,16,0.14,0.76
14,0.24,3,17,0.14,0.7
14,0.24,3,18,0.14,0.73
14,0.24,3,19,0.14,0.73
14,0.24,3,20,0.14,0.7
14,0.24,3,21,0.14,0.51
14,0.24,3,22,0.14,0.6
14,0.24,3,70,0.14,0.7
14,0.24,3,25,0.14,0.66
14,0.24,3,26,0.14,0.37
14,0.24,3,27,0.14,0.48
14,0.24,3,28,0.14,0.65
14,0.24,3,29,0.14,0.47
15,0.31,7,1,0.08,0.68
15,0.31,7,2,0.08,0.7
15,0.31,7,3,0.08,0.7
15,0.31,7,4,0.08,0.67
15,0.31,7,5,0.08,0.7
15,0.31,7,6,0.08,0.44
15,0.31,7,7,0.08,0.55
15,0.31,7,8,0.08,0.64
15,0.31,7,9,0.08,0.59
15,0.31,7,10,0.08,0.53
15,0.31,7,11,0.08,0.61
15,0.31,7,12,0.08,0.68
15,0.31,7,13,0.08,0.64
15,0.31,7,14,0.08,0.54
15,0.31,7,15,0.08,0.69
15,0.31,7,16,0.08,0.76
15,0.31,7,17,0.08,0.7
15,0.31,7,18,0.08,0.73
15,0.31,7,19,0.08,0.73
15,0.31,7,20,0.08,0.7
15,0.31,7,21,0.08,0.51
15,0.31,7,22,0.08,0.6
15,0.31,7,70,0.08,0.7
15,0.31,7,25,0.08,0.66
15,0.31,7,24,0.08,0.7
15,0.31,7,35,0.08,0.7
15,0.31,7,68,0.08,0.73
15,0.31,4,1,0.16,0.68
15,0.31,4,2,0.16,0.7
15,0.31,4,3,0.16,0.7
15,0.31,4,4,0.16,0.67
15,0.31,4,5,0.16,0.7
15,0.31,4,6,0.16,0.44
15,0.31,4,7,0.16,0.55
15,0.31,4,8,0.16,0.64
15,0.31,4,9,0.16,0.59
15,0.31,4,10,0.16,0.53
15,0.31,4,11,0.16,0.61
15,0.31,4,12,0.16,0.68
15,0.31,4,13,0.16,0.64
15,0.31,4,14,0.16,0.54
15,0.31,4,15,0.16,0.69
15,0.31,4,16,0.16,0.76
15,0.31,4,17,0.16,0.7
15,0.31,4,18,0.16,0.73
15,0.31,4,19,0.16,0.73
15,0.31,4,20,0.16,0.7
15,0.31,4,21,0.16,0.51
15,0.31,4,22,0.16,0.6
15,0.31,4,70,0.16,0.7
15,0.31,4,25,0.16,0.66
15,0.31,4,24,0.16,0.7
15,0.31,4,35,0.16,0.7
15,0.31,4,68,0.16,0.73
15,0.31,17,1,0.04,0.68
15,0.31,17,2,0.04,0.7
15,0.31,17,3,0.04,0.7
15,0.31,17,4,0.04,0.67
15,0.31,17,5,0.04,0.7
15,0.31,17,6,0.04,0.44
15,0.31,17,7,0.04,0.55
15,0.31,17,8,0.04,0.64
15,0.31,17,9,0.04,0.59
15,0.31,17,10,0.04,0.53
15,0.31,17,11,0.04,0.61
15,0.31,17,12,0.04,0.68
15,0.31,17,13,0.04,0.64
15,0.31,17,14,0.04,0.54
15,0.31,17,15,0.04,0.69
15,0.31,17,16,0.04,0.76
15,0.31,17,17,0.04,0.7
15,0.31,17,18,0.04,0.73
15,0.31,17,19,0.04,0.73
15,0.31,17,20,0.04,0.7
15,0.31,17,21,0.04,0.51
15,0.31,17,22,0.04,0.6
15,0.31,17,70,0.04,0.7
15,0.31,17,25,0.04,0.66
15,0.31,17,24,0.04,0.7
15,0.31,17,35,0.04,0.7
15,0.31,17,68,0.04,0.73
15,0.31,20,1,0.02,0.68
15,0.31,20,2,0.02,0.7
15,0.31,20,3,0.02,0.7
15,0.31,20,4,0.02,0.67
15,0.31,20,5,0.02,0.7
15,0.31,20,6,0.02,0.44
15,0.31,20,7,0.02,0.55
15,0.31,20,8,0.02,0.64
15,0.31,20,9,0.02,0.59
15,0.31,20,10,0.02,0.53
15,0.31,20,11,0.02,0.61
15,0.31,20,12,0.02,0.68
15,0.31,20,13,0.02,0.64
15,0.31,20,14,0.02,0.54
15,0.31,20,15,0.02,0.69
15,0.31,20,16,0.02,0.76
15,0.31,20,17,0.02,0.7
15,0.31,20,18,0.02,0.73
15,0.31,20,19,0.02,0.73
15,0.31,20,20,0.02,0.7
15,0.31,20,21,0.02,0.51
15,0.31,20,22,0.02,0.6
15,0.31,20,70,0.02,0.7
15,0.31,20,25,0.02,0.66
15,0.31,20,24,0.02,0.7
15,0.31,20,35,0.02,0.7
15,0.31,20,68,0.02,0.73
15,0.31,18,1,0.01,0.68
15,0.31,18,2,0.01,0.7
15,0.31,18,3,0.01,0.7
15,0.31,18,4,0.01,0.67
15,0.31,18,5,0.01,0.7
15,0.31,18,6,0.01,0.44
15,0.31,18,7,0.01,0.55
15,0.31,18,8,0.01,0.64
15,0.31,18,9,0.01,0.59
15,0.31,18,10,0.01,0.53
15,0.31,18,11,0.01,0.61
15,0.31,18,12,0.01,0.68
15,0.31,18,13,0.01,0.64
15,0.31,18,14,0.01,0.54
15,0.31,18,15,0.01,0.69
15,0.31,18,16,0.01,0.76
15,0.31,18,17,0.01,0.7
15,0.31,18,18,0.01,0.73
15,0.31,18,19,0.01,0.73
15,0.31,18,20,0.01,0.7
15,0.31,18,21,0.01,0.51
15,0.31,18,22,0.01,0.6
15,0.31,18,70,0.01,0.7
15,0.31,18,25,0.01,0.66
15,0.31,18,24,0.01,0.7
15,0.31,18,35,0.01,0.7
15,0.31,18,68,0.01,0.73
15,0.31,205,1,0,0.68
15,0.31,205,2,0,0.7
15,0.31,205,3,0,0.7
15,0.31,205,4,0,0.67
15,0.31,205,5,0,0.7
15,0.31,205,6,0,0.44
15,0.31,205,7,0,0.55
15,0.31,205,8,0,0.64
15,0.31,205,9,0,0.59
15,0.31,205,10,0,0.53
15,0.31,205,11,0,0.61
15,0.31,205,12,0,0.68
15,0.31,205,13,0,0.64
15,0.31,205,14,0,0.54
15,0.31,205,15,0,0.69
15,0.31,205,16,0,0.76
15,0.31,205,17,0,0.7
15,0.31,205,18,0,0.73
15,0.31,205,19,0,0.73
15,0.31,205,20,0,0.7
15,0.31,205,21,0,0.51
15,0.31,205,22,0,0.6
15,0.31,205,70,0,0.7
15,0.31,205,25,0,0.66
15,0.31,205,24,0,0.7
15,0.31,205,35,0,0.7
15,0.31,205,68,0,0.73
16,0.4,10,1,0.18,0.68
16,0.4,10,2,0.18,0.7
16,0.4,10,3,0.18,0.7
16,0.4,10,4,0.18,0.67
16,0.4,10,5,0.18,0.7
16,0.4,10,6,0.18,0.44
16,0.4,10,7,0.18,0.55
16,0.4,10,8,0.18,0.64
16,0.4,10,9,0.18,0.59
16,0.4,10,10,0.18,0.53
16,0.4,10,11,0.18,0.61
16,0.4,10,12,0.18,0.68
16,0.4,10,13,0.18,0.64
16,0.4,10,14,0.18,0.54
16,0.4,10,15,0.18,0.69
16,0.4,10,16,0.18,0.76
16,0.4,10,17,0.18,0.7
16,0.4,10,18,0.18,0.73
16,0.4,10,19,0.18,0.73
16,0.4,10,20,0.18,0.7
16,0.4,10,22,0.18,0.6
16,0.4,10,24,0.18,0.7
16,0.4,10,35,0.18,0.7
16,0.4,10,68,0.18,0.73
16,0.4,10,69,0.18,0.69
16,0.4,10,70,0.18,0.7
16,0.4,10,71,0.18,0.69
16,0.4,12,1,0,0.68
16,0.4,12,2,0,0.7
16,0.4,12,3,0,0.7
16,0.4,12,4,0,0.67
16,0.4,12,5,0,0.7
16,0.4,12,6,0,0.44
16,0.4,12,7,0,0.55
16,0.4,12,8,0,0.64
16,0.4,12,9,0,0.59
16,0.4,12,10,0,0.53
16,0.4,12,11,0,0.61
16,0.4,12,12,0,0.68
16,0.4,12,13,0,0.64
16,0.4,12,14,0,0.54
16,0.4,12,15,0,0.69
16,0.4,12,16,0,0.76
16,0.4,12,17,0,0.7
16,0.4,12,18,0,0.73
16,0.4,12,19,0,0.73
16,0.4,12,20,0,0.7
16,0.4,12,22,0,0.6
16,0.4,12,24,0,0.7
16,0.4,12,35,0,0.7
16,0.4,12,68,0,0.73
16,0.4,12,69,0,0.69
16,0.4,12,70,0,0.7
16,0.4,12,71,0,0.69
16,0.4,15,1,0.05,0.68
16,0.4,15,2,0.05,0.7
16,0.4,15,3,0.05,0.7
16,0.4,15,4,0.05,0.67
16,0.4,15,5,0.05,0.7
16,0.4,15,6,0.05,0.44
16,0.4,15,7,0.05,0.55
16,0.4,15,8,0.05,0.64
16,0.4,15,9,0.05,0.59
16,0.4,15,10,0.05,0.53
16,0.4,15,11,0.05,0.61
16,0.4,15,12,0.05,0.68
16,0.4,15,13,0.05,0.64
16,0.4,15,14,0.05,0.54
16,0.4,15,15,0.05,0.69
16,0.4,15,16,0.05,0.76
16,0.4,15,17,0.05,0.7
16,0.4,15,18,0.05,0.73
16,0.4,15,19,0.05,0.73
16,0.4,15,20,0.05,0.7
16,0.4,15,22,0.05,0.6
16,0.4,15,24,0.05,0.7
16,0.4,15,35,0.05,0.7
16,0.4,15,68,0.05,0.73
16,0.4,15,69,0.05,0.69
16,0.4,15,70,0.05,0.7
16,0.4,15,71,0.05,0.69
17,0.22,9,1,0.79,0.68
17,0.22,9,2,0.79,0.7
17,0.22,9,3,0.79,0.7
17,0.22,9,4,0.79,0.67
17,0.22,9,5,0.79,0.7
17,0.22,9,6,0.79,0.44
17,0.22,9,7,0.79,0.55
17,0.22,9,8,0.79,0.64
17,0.22,9,9,0.79,0.59
17,0.22,9,10,0.79,0.53
17,0.22,9,11,0.79,0.61
17,0.22,9,12,0.79,0.68
17,0.22,9,13,0.79,0.64
17,0.22,9,14,0.79,0.54
17,0.22,9,15,0.79,0.69
17,0.22,9,16,0.79,0.76
17,0.22,9,17,0.79,0.7
17,0.22,9,18,0.79,0.73
17,0.22,9,19,0.79,0.73
17,0.22,9,20,0.79,0.7
17,0.22,9,21,0.79,0.51
17,0.22,9,22,0.79,0.6
17,0.22,9,70,0.79,0.7
17,0.22,9,24,0.79,0.7
17,0.22,9,35,0.79,0.7
17,0.22,9,68,0.79,0.73
17,0.22,9,69,0.79,0.69
17,0.22,3,1,0.14,0.68
17,0.22,3,2,0.14,0.7
17,0.22,3,3,0.14,0.7
17,0.22,3,4,0.14,0.67
17,0.22,3,5,0.14,0.7
17,0.22,3,6,0.14,0.44
17,0.22,3,7,0.14,0.55
17,0.22,3,8,0.14,0.64
17,0.22,3,9,0.14,0.59
17,0.22,3,10,0.14,0.53
17,0.22,3,11,0.14,0.61
17,0.22,3,12,0.14,0.68
17,0.22,3,13,0.14,0.64
17,0.22,3,14,0.14,0.54
17,0.22,3,15,0.14,0.69
17,0.22,3,16,0.14,0.76
17,0.22,3,17,0.14,0.7
17,0.22,3,18,0.14,0.73
17,0.22,3,19,0.14,0.73
17,0.22,3,20,0.14,0.7
17,0.22,3,21,0.14,0.51
17,0.22,3,22,0.14,0.6
17,0.22,3,70,0.14,0.7
17,0.22,3,24,0.14,0.7
17,0.22,3,35,0.14,0.7
17,0.22,3,68,0.14,0.73
17,0.22,3,69,0.14,0.69
17,0.22,19,1,0.02,0.68
17,0.22,19,2,0.02,0.7
17,0.22,19,3,0.02,0.7
17,0.22,19,4,0.02,0.67
17,0.22,19,5,0.02,0.7
17,0.22,19,6,0.02,0.44
17,0.22,19,7,0.02,0.55
17,0.22,19,8,0.02,0.64
17,0.22,19,9,0.02,0.59
17,0.22,19,10,0.02,0.53
17,0.22,19,11,0.02,0.61
17,0.22,19,12,0.02,0.68
17,0.22,19,13,0.02,0.64
17,0.22,19,14,0.02,0.54
17,0.22,19,15,0.02,0.69
17,0.22,19,16,0.02,0.76
17,0.22,19,17,0.02,0.7
17,0.22,19,18,0.02,0.73
17,0.22,19,19,0.02,0.73
17,0.22,19,20,0.02,0.7
17,0.22,19,21,0.02,0.51
17,0.22,19,22,0.02,0.6
17,0.22,19,70,0.02,0.7
17,0.22,19,24,0.02,0.7
17,0.22,19,35,0.02,0.7
17,0.22,19,68,0.02,0.73
17,0.22,19,69,0.02,0.69
17,0.22,18,1,0.01,0.68
17,0.22,18,2,0.01,0.7
17,0.22,18,3,0.01,0.7
17,0.22,18,4,0.01,0.67
17,0.22,18,5,0.01,0.7
17,0.22,18,6,0.01,0.44
17,0.22,18,7,0.01,0.55
17,0.22,18,8,0.01,0.64
17,0.22,18,9,0.01,0.59
17,0.22,18,10,0.01,0.53
17,0.22,18,11,0.01,0.61
17,0.22,18,12,0.01,0.68
17,0.22,18,13,0.01,0.64
17,0.22,18,14,0.01,0.54
17,0.22,18,15,0.01,0.69
17,0.22,18,16,0.01,0.76
17,0.22,18,17,0.01,0.7
17,0.22,18,18,0.01,0.73
17,0.22,18,19,0.01,0.73
17,0.22,18,20,0.01,0.7
17,0.22,18,21,0.01,0.51
17,0.22,18,22,0.01,0.6
17,0.22,18,70,0.01,0.7
17,0.22,18,24,0.01,0.7
17,0.22,18,35,0.01,0.7
17,0.22,18,68,0.01,0.73
17,0.22,18,69,0.01,0.69
18,0.24,11,1,0.04,0.68
18,0.24,11,2,0.04,0.7
18,0.24,11,3,0.04,0.7
18,0.24,11,4,0.04,0.67
18,0.24,11,5,0.04,0.7
18,0.24,11,6,0.04,0.44
18,0.24,11,7,0.04,0.55
18,0.24,11,8,0.04,0.64
18,0.24,11,9,0.04,0.59
18,0.24,11,10,0.04,0.53
18,0.24,11,11,0.04,0.61
18,0.24,11,12,0.04,0.68
18,0.24,11,13,0.04,0.64
18,0.24,11,14,0.04,0.54
18,0.24,11,15,0.04,0.69
18,0.24,11,16,0.04,0.76
18,0.24,11,17,0.04,0.7
18,0.24,11,18,0.04,0.73
18,0.24,11,19,0.04,0.73
18,0.24,11,20,0.04,0.7
18,0.24,11,21,0.04,0.51
18,0.24,11,22,0.04,0.6
18,0.24,11,70,0.04,0.7
18,0.24,11,24,0.04,0.7
18,0.24,11,35,0.04,0.7
18,0.24,11,68,0.04,0.73
18,0.24,11,69,0.04,0.69
18,0.24,11,71,0.04,0.69
18,0.24,11,32,0.04,0.8
18,0.24,11,73,0.04,0.63
18,0.24,16,1,0.06,0.68
18,0.24,16,2,0.06,0.7
18,0.24,16,3,0.06,0.7
18,0.24,16,4,0.06,0.67
18,0.24,16,5,0.06,0.7
18,0.24,16,6,0.06,0.44
18,0.24,16,7,0.06,0.55
18,0.24,16,8,0.06,0.64
18,0.24,16,9,0.06,0.59
18,0.24,16,10,0.06,0.53
18,0.24,16,11,0.06,0.61
18,0.24,16,12,0.06,0.68
18,0.24,16,13,0.06,0.64
18,0.24,16,14,0.06,0.54
18,0.24,16,15,0.06,0.69
18,0.24,16,16,0.06,0.76
18,0.24,16,17,0.06,0.7
18,0.24,16,18,0.06,0.73
18,0.24,16,19,0.06,0.73
18,0.24,16,20,0.06,0.7
18,0.24,16,21,0.06,0.51
18,0.24,16,22,0.06,0.6
18,0.24,16,70,0.06,0.7
18,0.24,16,24,0.06,0.7
18,0.24,16,35,0.06,0.7
18,0.24,16,68,0.06,0.73
18,0.24,16,69,0.06,0.69
18,0.24,16,71,0.06,0.69
18,0.24,16,32,0.06,0.8
18,0.24,16,73,0.06,0.63
18,0.24,4,1,0.16,0.68
18,0.24,4,2,0.16,0.7
18,0.24,4,3,0.16,0.7
18,0.24,4,4,0.16,0.67
18,0.24,4,5,0.16,0.7
18,0.24,4,6,0.16,0.44
18,0.24,4,7,0.16,0.55
18,0.24,4,8,0.16,0.64
18,0.24,4,9,0.16,0.59
18,0.24,4,10,0.16,0.53
18,0.24,4,11,0.16,0.61
18,0.24,4,12,0.16,0.68
18,0.24,4,13,0.16,0.64
18,0.24,4,14,0.16,0.54
18,0.24,4,15,0.16,0.69
18,0.24,4,16,0.16,0.76
18,0.24,4,17,0.16,0.7
18,0.24,4,18,0.16,0.73
18,0.24,4,19,0.16,0.73
18,0.24,4,20,0.16,0.7
18,0.24,4,21,0.16,0.51
18,0.24,4,22,0.16,0.6
18,0.24,4,70,0.16,0.7
18,0.24,4,24,0.16,0.7
18,0.24,4,35,0.16,0.7
18,0.24,4,68,0.16,0.73
18,0.24,4,69,0.16,0.69
18,0.24,4,71,0.16,0.69
18,0.24,4,32,0.16,0.8
18,0.24,4,73,0.16,0.63
18,0.24,22,1,0.11,0.68
18,0.24,22,2,0.11,0.7
18,0.24,22,3,0.11,0.7
18,0.24,22,4,0.11,0.67
18,0.24,22,5,0.11,0.7
18,0.24,22,6,0.11,0.44
18,0.24,22,7,0.11,0.55
18,0.24,22,8,0.11,0.64
18,0.24,22,9,0.11,0.59
18,0.24,22,10,0.11,0.53
18,0.24,22,11,0.11,0.61
18,0.24,22,12,0.11,0.68
18,0.24,22,13,0.11,0.64
18,0.24,22,14,0.11,0.54
18,0.24,22,15,0.11,0.69
18,0.24,22,16,0.11,0.76
18,0.24,22,17,0.11,0.7
18,0.24,22,18,0.11,0.73
18,0.24,22,19,0.11,0.73
18,0.24,22,20,0.11,0.7
18,0.24,22,21,0.11,0.51
18,0.24,22,22,0.11,0.6
18,0.24,22,70,0.11,0.7
18,0.24,22,24,0.11,0.7
18,0.24,22,35,0.11,0.7
18,0.24,22,68,0.11,0.73
18,0.24,22,69,0.11,0.69
18,0.24,22,71,0.11,0.69
18,0.24,22,32,0.11,0.8
18,0.24,22,73,0.11,0.63
18,0.24,3,1,0.14,0.68
18,0.24,3,2,0.14,0.7
18,0.24,3,3,0.14,0.7
18,0.24,3,4,0.14,0.67
18,0.24,3,5,0.14,0.7
18,0.24,3,6,0.14,0.44
18,0.24,3,7,0.14,0.55
18,0.24,3,8,0.14,0.64
18,0.24,3,9,0.14,0.59
18,0.24,3,10,0.14,0.53
18,0.24,3,11,0.14,0.61
18,0.24,3,12,0.14,0.68
18,0.24,3,13,0.14,0.64
18,0.24,3,14,0.14,0.54
18,0.24,3,15,0.14,0.69
18,0.24,3,16,0.14,0.76
18,0.24,3,17,0.14,0.7
18,0.24,3,18,0.14,0.73
18,0.24,3,19,0.14,0.73
18,0.24,3,20,0.14,0.7
18,0.24,3,21,0.14,0.51
18,0.24,3,22,0.14,0.6
18,0.24,3,70,0.14,0.7
18,0.24,3,24,0.14,0.7
18,0.24,3,35,0.14,0.7
18,0.24,3,68,0.14,0.73
18,0.24,3,69,0.14,0.69
18,0.24,3,71,0.14,0.69
18,0.24,3,32,0.14,0.8
18,0.24,3,73,0.14,0.63
18,0.24,23,1,0.38,0.68
18,0.24,23,2,0.38,0.7
18,0.24,23,3,0.38,0.7
18,0.24,23,4,0.38,0.67
18,0.24,23,5,0.38,0.7
18,0.24,23,6,0.38,0.44
18,0.24,23,7,0.38,0.55
18,0.24,23,8,0.38,0.64
18,0.24,23,9,0.38,0.59
18,0.24,23,10,0.38,0.53
18,0.24,23,11,0.38,0.61
18,0.24,23,12,0.38,0.68
18,0.24,23,13,0.38,0.64
18,0.24,23,14,0.38,0.54
18,0.24,23,15,0.38,0.69
18,0.24,23,16,0.38,0.76
18,0.24,23,17,0.38,0.7
18,0.24,23,18,0.38,0.73
18,0.24,23,19,0.38,0.73
18,0.24,23,20,0.38,0.7
18,0.24,23,21,0.38,0.51
18,0.24,23,22,0.38,0.6
18,0.24,23,70,0.38,0.7
18,0.24,23,24,0.38,0.7
18,0.24,23,35,0.38,0.7
18,0.24,23,68,0.38,0.73
18,0.24,23,69,0.38,0.69
18,0.24,23,71,0.38,0.69
18,0.24,23,32,0.38,0.8
18,0.24,23,73,0.38,0.63
18,0.24,1,1,0.27,0.68
18,0.24,1,2,0.27,0.7
18,0.24,1,3,0.27,0.7
18,0.24,1,4,0.27,0.67
18,0.24,1,5,0.27,0.7
18,0.24,1,6,0.27,0.44
18,0.24,1,7,0.27,0.55
18,0.24,1,8,0.27,0.64
18,0.24,1,9,0.27,0.59
18,0.24,1,10,0.27,0.53
18,0.24,1,11,0.27,0.61
18,0.24,1,12,0.27,0.68
18,0.24,1,13,0.27,0.64
18,0.24,1,14,0.27,0.54
18,0.24,1,15,0.27,0.69
18,0.24,1,16,0.27,0.76
18,0.24,1,17,0.27,0.7
18,0.24,1,18,0.27,0.73
18,0.24,1,19,0.27,0.73
18,0.24,1,20,0.27,0.7
18,0.24,1,21,0.27,0.51
18,0.24,1,22,0.27,0.6
18,0.24,1,70,0.27,0.7
18,0.24,1,24,0.27,0.7
18,0.24,1,35,0.27,0.7
18,0.24,1,68,0.27,0.73
18,0.24,1,69,0.27,0.69
18,0.24,1,71,0.27,0.69
18,0.24,1,32,0.27,0.8
18,0.24,1,73,0.27,0.63
19,0.46,8,1,0,0.68
19,0.46,8,2,0,0.7
19,0.46,8,3,0,0.7
19,0.46,8,4,0,0.67
19,0.46,8,6,0,0.44
19,0.46,8,7,0,0.55
19,0.46,8,19,0,0.73
19,0.46,8,8,0,0.64
19,0.46,8,9,0,0.59
19,0.46,8,20,0,0.7
19,0.46,8,11,0,0.61
19,0.46,8,5,0,0.7
19,0.46,8,14,0,0.54
19,0.46,8,13,0,0.64
19,0.46,8,16,0,0.76
19,0.46,8,17,0,0.7
19,0.46,8,18,0,0.73
19,0.46,16,1,0.06,0.68
19,0.46,16,2,0.06,0.7
19,0.46,16,3,0.06,0.7
19,0.46,16,4,0.06,0.67
19,0.46,16,6,0.06,0.44
19,0.46,16,7,0.06,0.55
19,0.46,16,19,0.06,0.73
19,0.46,16,8,0.06,0.64
19,0.46,16,9,0.06,0.59
19,0.46,16,20,0.06,0.7
19,0.46,16,11,0.06,0.61
19,0.46,16,5,0.06,0.7
19,0.46,16,14,0.06,0.54
19,0.46,16,13,0.06,0.64
19,0.46,16,16,0.06,0.76
19,0.46,16,17,0.06,0.7
19,0.46,16,18,0.06,0.73
19,0.46,18,1,0.01,0.68
19,0.46,18,2,0.01,0.7
19,0.46,18,3,0.01,0.7
19,0.46,18,4,0.01,0.67
19,0.46,18,6,0.01,0.44
19,0.46,18,7,0.01,0.55
19,0.46,18,19,0.01,0.73
19,0.46,18,8,0.01,0.64
19,0.46,18,9,0.01,0.59
19,0.46,18,20,0.01,0.7
19,0.46,18,11,0.01,0.61
19,0.46,18,5,0.01,0.7
19,0.46,18,14,0.01,0.54
19,0.46,18,13,0.01,0.64
19,0.46,18,16,0.01,0.76
19,0.46,18,17,0.01,0.7
19,0.46,18,18,0.01,0.73
20,0.16,5,1,0.07,0.68
20,0.16,5,2,0.07,0.7
20,0.16,5,3,0.07,0.7
20,0.16,5,4,0.07,0.67
20,0.16,5,5,0.07,0.7
20,0.16,5,6,0.07,0.44
20,0.16,5,7,0.07,0.55
20,0.16,5,8,0.07,0.64
20,0.16,5,9,0.07,0.59
20,0.16,5,10,0.07,0.53
20,0.16,5,11,0.07,0.61
20,0.16,5,12,0.07,0.68
20,0.16,5,13,0.07,0.64
20,0.16,5,14,0.07,0.54
20,0.16,5,15,0.07,0.69
20,0.16,5,16,0.07,0.76
20,0.16,5,17,0.07,0.7
20,0.16,5,18,0.07,0.73
20,0.16,5,19,0.07,0.73
20,0.16,5,20,0.07,0.7
20,0.16,5,22,0.07,0.6
20,0.16,5,24,0.07,0.7
20,0.16,5,35,0.07,0.7
20,0.16,5,68,0.07,0.73
20,0.16,5,69,0.07,0.69
20,0.16,5,70,0.07,0.7
20,0.16,5,71,0.07,0.69
20,0.16,5,32,0.07,0.8
20,0.16,5,73,0.07,0.63
20,0.16,5,34,0.07,0.55
20,0.16,5,76,0.07,0.74
20,0.16,5,75,0.07,0.72
20,0.16,5,21,0.07,0.51
20,0.16,5,39,0.07,0.54
20,0.16,5,78,0.07,0.68
20,0.16,5,77,0.07,0.68
20,0.16,5,79,0.07,0.67
20,0.16,2,1,0.16,0.68
20,0.16,2,2,0.16,0.7
20,0.16,2,3,0.16,0.7
20,0.16,2,4,0.16,0.67
20,0.16,2,5,0.16,0.7
20,0.16,2,6,0.16,0.44
20,0.16,2,7,0.16,0.55
20,0.16,2,8,0.16,0.64
20,0.16,2,9,0.16,0.59
20,0.16,2,10,0.16,0.53
20,0.16,2,11,0.16,0.61
20,0.16,2,12,0.16,0.68
20,0.16,2,13,0.16,0.64
20,0.16,2,14,0.16,0.54
20,0.16,2,15,0.16,0.69
20,0.16,2,16,0.16,0.76
20,0.16,2,17,0.16,0.7
20,0.16,2,18,0.16,0.73
20,0.16,2,19,0.16,0.73
20,0.16,2,20,0.16,0.7
20,0.16,2,22,0.16,0.6
20,0.16,2,24,0.16,0.7
20,0.16,2,35,0.16,0.7
20,0.16,2,68,0.16,0.73
20,0.16,2,69,0.16,0.69
20,0.16,2,70,0.16,0.7
20,0.16,2,71,0.16,0.69
20,0.16,2,32,0.16,0.8
20,0.16,2,73,0.16,0.63
20,0.16,2,34,0.16,0.55
20,0.16,2,76,0.16,0.74
20,0.16,2,75,0.16,0.72
20,0.16,2,21,0.16,0.51
20,0.16,2,39,0.16,0.54
20,0.16,2,78,0.16,0.68
20,0.16,2,77,0.16,0.68
20,0.16,2,79,0.16,0.67
20,0.16,9,1,0.79,0.68
20,0.16,9,2,0.79,0.7
20,0.16,9,3,0.79,0.7
20,0.16,9,4,0.79,0.67
20,0.16,9,5,0.79,0.7
20,0.16,9,6,0.79,0.44
20,0.16,9,7,0.79,0.55
20,0.16,9,8,0.79,0.64
20,0.16,9,9,0.79,0.59
20,0.16,9,10,0.79,0.53
20,0.16,9,11,0.79,0.61
20,0.16,9,12,0.79,0.68
20,0.16,9,13,0.79,0.64
20,0.16,9,14,0.79,0.54
20,0.16,9,15,0.79,0.69
20,0.16,9,16,0.79,0.76
20,0.16,9,17,0.79,0.7
20,0.16,9,18,0.79,0.73
20,0.16,9,19,0.79,0.73
20,0.16,9,20,0.79,0.7
20,0.16,9,22,0.79,0.6
20,0.16,9,24,0.79,0.7
20,0.16,9,35,0.79,0.7
20,0.16,9,68,0.79,0.73
20,0.16,9,69,0.79,0.69
20,0.16,9,70,0.79,0.7
20,0.16,9,71,0.79,0.69
20,0.16,9,32,0.79,0.8
20,0.16,9,73,0.79,0.63
20,0.16,9,34,0.79,0.55
20,0.16,9,76,0.79,0.74
20,0.16,9,75,0.79,0.72
20,0.16,9,21,0.79,0.51
20,0.16,9,39,0.79,0.54
20,0.16,9,78,0.79,0.68
20,0.16,9,77,0.79,0.68
20,0.16,9,79,0.79,0.67
20,0.16,6,1,0.36,0.68
20,0.16,6,2,0.36,0.7
20,0.16,6,3,0.36,0.7
20,0.16,6,4,0.36,0.67
20,0.16,6,5,0.36,0.7
20,0.16,6,6,0.36,0.44
20,0.16,6,7,0.36,0.55
20,0.16,6,8,0.36,0.64
20,0.16,6,9,0.36,0.59
20,0.16,6,10,0.36,0.53
20,0.16,6,11,0.36,0.61
20,0.16,6,12,0.36,0.68
20,0.16,6,13,0.36,0.64
20,0.16,6,14,0.36,0.54
20,0.16,6,15,0.36,0.69
20,0.16,6,16,0.36,0.76
20,0.16,6,17,0.36,0.7
20,0.16,6,18,0.36,0.73
20,0.16,6,19,0.36,0.73
20,0.16,6,20,0.36,0.7
20,0.16,6,22,0.36,0.6
20,0.16,6,24,0.36,0.7
20,0.16,6,35,0.36,0.7
20,0.16,6,68,0.36,0.73
20,0.16,6,69,0.36,0.69
20,0.16,6,70,0.36,0.7
20,0.16,6,71,0.36,0.69
20,0.16,6,32,0.36,0.8
20,0.16,6,73,0.36,0.63
20,0.16,6,34,0.36,0.55
20,0.16,6,76,0.36,0.74
20,0.16,6,75,0.36,0.72
20,0.16,6,21,0.36,0.51
20,0.16,6,39,0.36,0.54
20,0.16,6,78,0.36,0.68
20,0.16,6,77,0.36,0.68
20,0.16,6,79,0.36,0.67
20,0.16,117,1,0.24,0.68
20,0.16,117,2,0.24,0.7
20,0.16,117,3,0.24,0.7
20,0.16,117,4,0.24,0.67
20,0.16,117,5,0.24,0.7
20,0.16,117,6,0.24,0.44
20,0.16,117,7,0.24,0.55
20,0.16,117,8,0.24,0.64
20,0.16,117,9,0.24,0.59
20,0.16,117,10,0.24,0.53
20,0.16,117,11,0.24,0.61
20,0.16,117,12,0.24,0.68
20,0.16,117,13,0.24,0.64
20,0.16,117,14,0.24,0.54
20,0.16,117,15,0.24,0.69
20,0.16,117,16,0.24,0.76
20,0.16,117,17,0.24,0.7
20,0.16,117,18,0.24,0.73
20,0.16,117,19,0.24,0.73
20,0.16,117,20,0.24,0.7
20,0.16,117,22,0.24,0.6
20,0.16,117,24,0.24,0.7
20,0.16,117,35,0.24,0.7
20,0.16,117,68,0.24,0.73
20,0.16,117,69,0.24,0.69
20,0.16,117,70,0.24,0.7
20,0.16,117,71,0.24,0.69
20,0.16,117,32,0.24,0.8
20,0.16,117,73,0.24,0.63
20,0.16,117,34,0.24,0.55
20,0.16,117,76,0.24,0.74
20,0.16,117,75,0.24,0.72
20,0.16,117,21,0.24,0.51
20,0.16,117,39,0.24,0.54
20,0.16,117,78,0.24,0.68
20,0.16,117,77,0.24,0.68
20,0.16,117,79,0.24,0.67
21,0.29,10,1,0.18,0.68
21,0.29,10,2,0.18,0.7
21,0.29,10,3,0.18,0.7
21,0.29,10,4,0.18,0.67
21,0.29,10,5,0.18,0.7
21,0.29,10,6,0.18,0.44
21,0.29,10,7,0.18,0.55
21,0.29,10,8,0.18,0.64
21,0.29,10,9,0.18,0.59
21,0.29,10,10,0.18,0.53
21,0.29,10,11,0.18,0.61
21,0.29,10,12,0.18,0.68
21,0.29,10,13,0.18,0.64
21,0.29,10,14,0.18,0.54
21,0.29,10,15,0.18,0.69
21,0.29,10,16,0.18,0.76
21,0.29,10,17,0.18,0.7
21,0.29,10,18,0.18,0.73
21,0.29,10,19,0.18,0.73
21,0.29,10,20,0.18,0.7
21,0.29,10,21,0.18,0.51
21,0.29,10,22,0.18,0.6
21,0.29,10,70,0.18,0.7
21,0.29,10,25,0.18,0.66
21,0.29,10,26,0.18,0.37
21,0.29,10,24,0.18,0.7
21,0.29,4,1,0.16,0.68
21,0.29,4,2,0.16,0.7
21,0.29,4,3,0.16,0.7
21,0.29,4,4,0.16,0.67
21,0.29,4,5,0.16,0.7
21,0.29,4,6,0.16,0.44
21,0.29,4,7,0.16,0.55
21,0.29,4,8,0.16,0.64
21,0.29,4,9,0.16,0.59
21,0.29,4,10,0.16,0.53
21,0.29,4,11,0.16,0.61
21,0.29,4,12,0.16,0.68
21,0.29,4,13,0.16,0.64
21,0.29,4,14,0.16,0.54
21,0.29,4,15,0.16,0.69
21,0.29,4,16,0.16,0.76
21,0.29,4,17,0.16,0.7
21,0.29,4,18,0.16,0.73
21,0.29,4,19,0.16,0.73
21,0.29,4,20,0.16,0.7
21,0.29,4,21,0.16,0.51
21,0.29,4,22,0.16,0.6
21,0.29,4,70,0.16,0.7
21,0.29,4,25,0.16,0.66
21,0.29,4,26,0.16,0.37
21,0.29,4,24,0.16,0.7
21,0.29,15,1,0.05,0.68
21,0.29,15,2,0.05,0.7
21,0.29,15,3,0.05,0.7
21,0.29,15,4,0.05,0.67
21,0.29,15,5,0.05,0.7
21,0.29,15,6,0.05,0.44
21,0.29,15,7,0.05,0.55
21,0.29,15,8,0.05,0.64
21,0.29,15,9,0.05,0.59
21,0.29,15,10,0.05,0.53
21,0.29,15,11,0.05,0.61
21,0.29,15,12,0.05,0.68
21,0.29,15,13,0.05,0.64
21,0.29,15,14,0.05,0.54
21,0.29,15,15,0.05,0.69
21,0.29,15,16,0.05,0.76
21,0.29,15,17,0.05,0.7
21,0.29,15,18,0.05,0.73
21,0.29,15,19,0.05,0.73
21,0.29,15,20,0.05,0.7
21,0.29,15,21,0.05,0.51
21,0.29,15,22,0.05,0.6
21,0.29,15,70,0.05,0.7
21,0.29,15,25,0.05,0.66
21,0.29,15,26,0.05,0.37
21,0.29,15,24,0.05,0.7
21,0.29,17,1,0.04,0.68
21,0.29,17,2,0.04,0.7
21,0.29,17,3,0.04,0.7
21,0.29,17,4,0.04,0.67
21,0.29,17,5,0.04,0.7
21,0.29,17,6,0.04,0.44
21,0.29,17,7,0.04,0.55
21,0.29,17,8,0.04,0.64
21,0.29,17,9,0.04,0.59
21,0.29,17,10,0.04,0.53
21,0.29,17,11,0.04,0.61
21,0.29,17,12,0.04,0.68
21,0.29,17,13,0.04,0.64
21,0.29,17,14,0.04,0.54
21,0.29,17,15,0.04,0.69
21,0.29,17,16,0.04,0.76
21,0.29,17,17,0.04,0.7
21,0.29,17,18,0.04,0.73
21,0.29,17,19,0.04,0.73
21,0.29,17,20,0.04,0.7
21,0.29,17,21,0.04,0.51
21,0.29,17,22,0.04,0.6
21,0.29,17,70,0.04,0.7
21,0.29,17,25,0.04,0.66
21,0.29,17,26,0.04,0.37
21,0.29,17,24,0.04,0.7
21,0.29,22,1,0.11,0.68
21,0.29,22,2,0.11,0.7
21,0.29,22,3,0.11,0.7
21,0.29,22,4,0.11,0.67
21,0.29,22,5,0.11,0.7
21,0.29,22,6,0.11,0.44
21,0.29,22,7,0.11,0.55
21,0.29,22,8,0.11,0.64
21,0.29,22,9,0.11,0.59
21,0.29,22,10,0.11,0.53
21,0.29,22,11,0.11,0.61
21,0.29,22,12,0.11,0.68
21,0.29,22,13,0.11,0.64
21,0.29,22,14,0.11,0.54
21,0.29,22,15,0.11,0.69
21,0.29,22,16,0.11,0.76
21,0.29,22,17,0.11,0.7
21,0.29,22,18,0.11,0.73
21,0.29,22,19,0.11,0.73
21,0.29,22,20,0.11,0.7
21,0.29,22,21,0.11,0.51
21,0.29,22,22,0.11,0.6
21,0.29,22,70,0.11,0.7
21,0.29,22,25,0.11,0.66
21,0.29,22,26,0.11,0.37
21,0.29,22,24,0.11,0.7
21,0.29,18,1,0.01,0.68
21,0.29,18,2,0.01,0.7
21,0.29,18,3,0.01,0.7
21,0.29,18,4,0.01,0.67
21,0.29,18,5,0.01,0.7
21,0.29,18,6,0.01,0.44
21,0.29,18,7,0.01,0.55
21,0.29,18,8,0.01,0.64
21,0.29,18,9,0.01,0.59
21,0.29,18,10,0.01,0.53
21,0.29,18,11,0.01,0.61
21,0.29,18,12,0.01,0.68
21,0.29,18,13,0.01,0.64
21,0.29,18,14,0.01,0.54
21,0.29,18,15,0.01,0.69
21,0.29,18,16,0.01,0.76
21,0.29,18,17,0.01,0.7
21,0.29,18,18,0.01,0.73
21,0.29,18,19,0.01,0.73
21,0.29,18,20,0.01,0.7
21,0.29,18,21,0.01,0.51
21,0.29,18,22,0.01,0.6
21,0.29,18,70,0.01,0.7
21,0.29,18,25,0.01,0.66
21,0.29,18,26,0.01,0.37
21,0.29,18,24,0.01,0.7
21,0.29,6,1,0.36,0.68
21,0.29,6,2,0.36,0.7
21,0.29,6,3,0.36,0.7
21,0.29,6,4,0.36,0.67
21,0.29,6,5,0.36,0.7
21,0.29,6,6,0.36,0.44
21,0.29,6,7,0.36,0.55
21,0.29,6,8,0.36,0.64
21,0.29,6,9,0.36,0.59
21,0.29,6,10,0.36,0.53
21,0.29,6,11,0.36,0.61
21,0.29,6,12,0.36,0.68
21,0.29,6,13,0.36,0.64
21,0.29,6,14,0.36,0.54
21,0.29,6,15,0.36,0.69
21,0.29,6,16,0.36,0.76
21,0.29,6,17,0.36,0.7
21,0.29,6,18,0.36,0.73
21,0.29,6,19,0.36,0.73
21,0.29,6,20,0.36,0.7
21,0.29,6,21,0.36,0.51
21,0.29,6,22,0.36,0.6
21,0.29,6,70,0.36,0.7
21,0.29,6,25,0.36,0.66
21,0.29,6,26,0.36,0.37
21,0.29,6,24,0.36,0.7
22,0.26,11,1,0.04,0.68
22,0.26,11,2,0.04,0.7
22,0.26,11,3,0.04,0.7
22,0.26,11,4,0.04,0.67
22,0.26,11,5,0.04,0.7
22,0.26,11,6,0.04,0.44
22,0.26,11,7,0.04,0.55
22,0.26,11,8,0.04,0.64
22,0.26,11,9,0.04,0.59
22,0.26,11,10,0.04,0.53
22,0.26,11,11,0.04,0.61
22,0.26,11,12,0.04,0.68
22,0.26,11,13,0.04,0.64
22,0.26,11,14,0.04,0.54
22,0.26,11,15,0.04,0.69
22,0.26,11,16,0.04,0.76
22,0.26,11,17,0.04,0.7
22,0.26,11,18,0.04,0.73
22,0.26,11,19,0.04,0.73
22,0.26,11,20,0.04,0.7
22,0.26,11,21,0.04,0.51
22,0.26,11,22,0.04,0.6
22,0.26,11,70,0.04,0.7
22,0.26,11,25,0.04,0.66
22,0.26,11,26,0.04,0.37
22,0.26,11,27,0.04,0.48
22,0.26,11,28,0.04,0.65
22,0.26,11,29,0.04,0.47
22,0.26,11,30,0.04,0.8
22,0.26,11,31,0.04,0.63
22,0.26,11,24,0.04,0.7
22,0.26,11,35,0.04,0.7
22,0.26,11,68,0.04,0.73
